parameterID,categoryID,name,tex,unit,tex_unit,type,internal_order,external_order
1,1,NStw,N_{Stw},1/min,min^{-1},editfield,1,101
2,1,pHw,pH_{w},-,-,editfield,2,102
3,1,pO2w,pO_{2w},%,%,editfield,3,103
4,1,thetaLw,\vartheta_{Lw},°C,°C,editfield,4,104
5,1,LWw,L_{Ww},kg,kg,editfield,5,105
6,1,FnGw,F_{nGw},l/min,lmin^{-1},editfield,6,106
7,1,FnAIRw,F_{nAIRw},l/min,lmin^{-1},editfield,7,107
8,1,FnO2w,F_{nO2w},l/min,lmin^{-1},editfield,8,108
9,1,FnN2w,F_{nN2w},l/min,lmin^{-1},editfield,9,109
10,1,FnCO2w,F_{nCO2w},l/min,lmin^{-1},editfield,10,110
11,1,deltapGw,\Deltap_{Gw},bar,bar,editfield,11,111
12,1,FHrelw,F_{Hrelw},%,%,editfield,12,112
13,1,cS1Lw,c_{S1Lw},g/l,gl^{-1},editfield,13,113
14,1,cS2Lw,c_{S2Lw},g/l,gl^{-1},editfield,14,114
15,1,cS3Lw,c_{S3Lw},g/l,gl^{-1},editfield,15,115
16,1,FR1w,F_{R1w},l/h,lh^{-1},editfield,16,116
17,1,FR2w,F_{R2w},l/h,lh^{-1},editfield,17,117
18,1,FR3w,F_{R3w},l/h,lh^{-1},editfield,18,118
19,2,cXL0,c_{XL0},g/l,gl^{-1},editfield,1,201
20,2,pO20,pO_{20},%,%,editfield,2,202
21,2,pH0,pH_{0},-,-,editfield,3,203
22,2,VL0,V_{L0},l,l,editfield,4,204
23,2,thetaL0,\vartheta_{L0},°C,°C,editfield,5,205
24,2,thetaD0,\vartheta_{D0},°C,°C,editfield,6,206
25,2,cS1L0,c_{S1L0},g/l,gl^{-1},editfield,7,207
26,2,cS2L0,c_{S2L0},g/l,gl^{-1},editfield,8,208
27,2,cS3L0,c_{S3L0},g/l,gl^{-1},editfield,9,209
28,2,cP1L0,c_{P1L0},g/l,gl^{-1},editfield,10,210
29,2,cP1X0,c_{P1X0},g/l,gl^{-1},editfield,11,211
30,2,cOL0,c_{OL0},g/l,gl^{-1},editfield,12,212
31,3,pGcal,p_{Gcal},n/m^2,nm^{-2},editfield,1,301
32,3,xOGcal,x_{OGcal},-,-,editfield,2,302
33,3,xCGcal,x_{CGcal},-,-,editfield,3,303
34,4,cS1R1,c_{S1R1},g/l,gl^{-1},editfield,1,401
35,4,cS2R1,c_{S2R1},g/l,gl^{-1},editfield,2,402
36,4,cS3R1,c_{S3R1},g/l,gl^{-1},editfield,3,403
37,4,cXR1,c_{XR1},g/l,gl^{-1},editfield,4,404
38,4,VR10,V_{R10},l,l,editfield,5,405
39,4,rhoR1,rho_{R1},g/l,gl^{-1},editfield,6,406
40,4,cOR1,c_{OR1},g/l,gl^{-1},editfield,7,407
41,4,cP1R1,C_{P1R1},g/l,gl^{-1},editfield,8,408
42,4,CCR1tot,C_{CR1tot},mol/l,moll^{-1},editfield,9,409
43,4,cS1R2,c_{S1R2},g/l,gl^{-1},editfield,10,410
44,4,cS2R2,c_{S2R2},g/l,gl^{-1},editfield,11,411
45,4,cS3R2,c_{S3R2},g/l,gl^{-1},editfield,12,412
46,4,cXR2,c_{XR2},g/l,gl^{-1},editfield,13,413
47,4,VR20,V_{R20},l,l,editfield,14,414
48,4,rhoR2,rho_{R2},g/l,gl^{-1},editfield,15,415
49,4,cOR2,c_{OR2},g/l,gl^{-1},editfield,16,416
50,4,cP1R2,C_{P1R2},g/l,gl^{-1},editfield,17,417
51,4,CCR2tot,C_{CR2tot},mol/l,moll^{-1},editfield,18,418
52,4,cS1R3,c_{S1R3},g/l,gl^{-1},editfield,19,419
53,4,cS2R3,c_{S2R3},g/l,gl^{-1},editfield,20,420
54,4,cS3R3,c_{S3R3},g/l,gl^{-1},editfield,21,421
55,4,cXR3,c_{XR3},g/l,gl^{-1},editfield,22,422
56,4,VR30,V_{R30},l,l,editfield,23,423
57,4,rhoR3,rho_{R3},g/l,gl^{-1},editfield,24,424
58,4,cOR3,c_{OR3},g/l,gl^{-1},editfield,25,425
59,4,cP1R3,C_{P1R3},g/l,gl^{-1},editfield,26,426
60,4,CCR3tot,C_{CR3tot},mol/l,moll^{-1},editfield,27,427
61,5,kR1,k_{R1},-,-,editfield,1,501
62,5,FR1max,F_{R1max},l/h,lh^{-1},editfield,2,502
63,5,qXpX1w,µ_{1w},1/h,h^{-1},editfield,3,503
64,5,kR2,k_{R2},-,-,editfield,4,504
65,5,FR2max,F_{R2max},l/h,lh^{-1},editfield,5,505
66,5,qXpX2w,µ_{2w},1/h,h^{-1},editfield,6,506
67,5,kR3,k_{R3},-,-,editfield,7,507
68,5,FR3max,F_{R3max},l/h,lh^{-1},editfield,8,508
69,5,qXpX3w,µ_{3w},1/h,h^{-1},editfield,9,509
70,5,R_feed,R_{Feed},,,editfield,10,510
71,6,CPLtot0,C_{PLtot0},mol/l,moll^{-1},editfield,1,601
72,6,CAcLtot0,C_{AcLtot0},mol/l,moll^{-1},editfield,2,602
73,6,CAlLtot0,C_{AlLtot0},mol/l,moll^{-1},editfield,3,603
74,6,CB1Ltot0,C_{B1Ltot0},mol/l,moll^{-1},editfield,4,604
75,6,CB2Ltot0,C_{B2Ltot0},mol/l,moll^{-1},editfield,5,605
76,6,CAcT1tot,C_{AcT1tot},mol/l,moll^{-1},editfield,6,606
77,6,CAlT2tot,C_{AlT2tot},mol/l,moll^{-1},editfield,7,607
78,6,CCT1tot,C_{CT1tot},mol/l,moll^{-1},editfield,8,608
79,6,CCT2tot,C_{CT2tot},mol/l,moll^{-1},editfield,9,609
80,6,cOT1,c_{OT1},g/l,gl^{-1},editfield,10,610
81,6,cOT2,c_{OT2},g/l,gl^{-1},editfield,11,611
82,6,KAc1,K_{Ac1},mol/l,moll^{-1},editfield,12,612
83,6,KAc2,K_{Ac2},mol/l,moll^{-1},editfield,13,613
84,6,KAl,K_{Al},mol/l,moll^{-1},editfield,14,614
85,6,KAlvol,K_{Alvol},-,-,editfield,15,615
86,6,KB1,K_{B1},mol/l,moll^{-1},editfield,16,616
87,6,KB2,K_{B2},mol/l,moll^{-1},editfield,17,617
88,6,KB3,K_{B3},mol/l,moll^{-1},editfield,18,618
89,6,KP1,K_{P},mol/l,moll^{-1},editfield,19,619
90,6,MAc,M_{Ac},g/mol,gmol^{-1},editfield,20,620
91,6,MAl,M_{Al},g/mol,gmol^{-1},editfield,21,621
92,7,Mode_pH,pH_{Mode},,,dropdown,1,701
93,7,Mode_temp,temp_{Mode},,,dropdown,2,702
94,7,Mode_pO2,pO_2_{Mode},,,dropdown,3,703
95,7,Mode_harvest,harvest(LW)_{Mode},,,dropdown,4,704
96,7,Mode_feed,Feed_{Mode},,,dropdown,5,705
97,8,f_InocStart,Inoc_{Start},,,switch,1,801
98,8,f_motor,motor,,,switch,2,802
99,8,f_aeration,aeration,,,switch,3,803
100,8,f_air,air,,,switch,4,804
101,8,f_O2,O_2,,,switch,5,805
102,8,f_N2,N_2,,,switch,6,806
103,8,f_CO2,CO_2,,,switch,7,807
104,8,f_acid,acid,,,switch,8,808
105,8,f_alkali,alkali,,,switch,9,809
106,8,f_antifoam,antifoam,,,switch,10,810
107,8,f_heating,heating,,,switch,11,811
108,8,f_cooling,cooling,,,switch,12,812
109,8,f_harvest,harvest,,,switch,13,813
110,8,f_feed,feed,,,switch,14,814
111,8,f_FR3,f_{FR3},,,switch,15,815
112,8,f_FR1,f_{FR1},,,switch,16,816
113,8,f_FR2,f_{FR2},,,switch,17,817
114,9,KP_pH,KP_{pH},,,editfield,1,901
115,9,KP_pH2a,KP_{pH2a},,,editfield,2,902
116,9,KP_pH2b,KP_{pH2b},,,editfield,3,903
117,9,taupHL,\tau_{pH_L},s,s,editfield,4,904
118,9,KP_temp1,KP_{temp1},,,editfield,5,905
119,9,KI_temp1,KI_{temp1},,,editfield,6,906
120,9,KP_temp2c,KP_{temp2c},,,editfield,7,907
121,9,KP_temp2h,KP_{temp2h},,,editfield,8,908
122,9,tauthetaL,\tau_{\vartheta_L},s,s,editfield,9,909
123,9,KP_agi,KP_{agi},,,editfield,10,910
124,9,KI_agi,KI_{agi},,,editfield,11,911
125,9,KP_aeration,KP_{aeration},,,editfield,12,912
126,9,KD_agi,KD_{agi},,,editfield,13,913
127,9,KI_aeration,KI_{aeration},,,editfield,14,914
128,9,KD_aeration,KD_{aeration},,,editfield,15,915
129,9,KP_gasmix,KP_{gasmix},,,editfield,16,916
130,9,KI_gasmix,KI_{gasmix},,,editfield,17,917
131,9,KD_gasmix,KD_{gasmix},,,editfield,18,918
132,9,KP_feedpO2,KP_{feed},,,editfield,19,919
133,9,KI_feedpO2,KI_{feed},,,editfield,20,920
134,9,KD_feedpO2,KD_{feed},,,editfield,21,921
135,9,taupO2,\tau_{pO_2},s,s,editfield,22,922
136,9,KP_LW,KP_{LW},,,editfield,23,923
137,9,KI_LW,KI_{LW},,,editfield,24,924
138,9,KD_LW,KD_{LW},,,editfield,25,925
139,9,KP_feedR1,KP_{feedR1},,,editfield,26,926
140,9,KI_feedR1,KI_{feedR1},,,editfield,27,927
141,9,KD_feedR1,KD_{feedR1},,,editfield,28,928
142,9,KP_feedR2,KP_{feedR2},,,editfield,29,929
143,9,KI_feedR2,KI_{feedR2},,,editfield,30,930
144,9,KD_feedR2,KD_{feedR2},,,editfield,31,931
145,9,KP_feedR3,KP_{feedR3},,,editfield,32,932
146,9,KI_feedR3,KI_{feedR3},,,editfield,33,933
147,9,KD_feedR3,KD_{feedR3},,,editfield,34,934
148,9,taucS1L,\tau_{c_{S1L}},s,s,editfield,35,935
149,9,taucS2L,\tau_{c_{S2L}},s,s,editfield,36,936
150,9,taucS3L,\tau_{c_{S3L}},s,s,editfield,37,937
151,9,ypH_SET,ypH_{SET},,,editfield,38,938
152,10,xOAIR,x_{OAIR},-,-,editfield,1,1001
153,10,xCAIR,x_{CAIR},-,-,editfield,2,1002
154,10,VnM,V_{nM},l/mol,lmol^{-1},editfield,3,1003
155,10,TnG,T_{nG},K,K,editfield,4,1004
156,10,R,R,N*m/(kmol*K),Nmkmol^{-1}K^{-1},editfield,5,1005
157,10,pnG,p_{nG},N/m^2,Nm^{-2},editfield,6,1006
158,10,MO2,M_{O2},g/mol,gmol^{-1},editfield,7,1007
159,10,MCO2,M_{CO2},g/mol,gmol^{-1},editfield,8,1008
160,10,mdotT,mdot_{T},kg/h,kgh^{-1},editfield,9,1009
161,10,etaH2O,\eta_{H_2O},Ns/m^2,Nsm^{-2},editfield,10,1010
162,10,etaXL,\eta_{XL},Ns/m^2,Nsm^{-2},editfield,11,1011
163,10,cXLeta,c_{XL\eta},g/l,gl^{-1},editfield,12,1012
164,10,HO20,H_{O20},N*m/kg,Nmkg^{-1},editfield,13,1013
165,10,HnO2,H_{nO2},N*m/kg,Nmkg^{-1},editfield,14,1014
166,10,HCO20,H_{CO20},N*m/kg,Nmkg^{-1},editfield,15,1015
167,10,HnCO2,H_{nCO2},N*m/kg,Nmkg^{-1},editfield,16,1016
168,10,K1HO2,K_{1HO2},°C^(-1),°C^{-1},editfield,17,1017
169,10,K2HO2,K_{2HO2},°C^(-2),°C^{-2},editfield,18,1018
170,10,K3HO2,K_{3HO2},°C^(-3),°C^{-3},editfield,19,1019
171,10,K4HO2,K_{4HO2},°C^(-4),°C^{-4},editfield,20,1020
172,10,K1HCO2,K_{1HCO2},°C^(-1),°C^{-1},editfield,21,1021
173,10,K2HCO2,K_{2HCO2},°C^(-2),°C^{-2},editfield,22,1022
174,10,K3HCO2,K_{3HCO2},°C^(-3),°C^{-3},editfield,23,1023
175,10,K4HCO2,K_{4HCO2},°C^(-4),°C^{-4},editfield,24,1024
176,10,KC1,K_{C1},mol/l,moll^{-1},editfield,25,1025
177,10,KC2,K_{C2},mol/l,moll^{-1},editfield,26,1026
178,10,alpha,\alpha,-,-,editfield,27,1027
179,10,beta,\beta,-,-,editfield,28,1028
180,10,gamma,\gamma,-,-,editfield,29,1029
181,10,cH2O,c_{H2O},h/(kgK),hkg^{-1]K^{-1},editfield,30,1030
182,10,deltahv,\delta_{hv},kJ/kg,kJkg^{-1},editfield,31,1031
183,10,CH0,C_{H0},mol/l,moll^{-1},editfield,32,1032
184,11,my1opt,μ_{1opt},1/h,h^{-1},editfield,1,1101
185,11,yXpS1,y_{X/S1},-,-,editfield,2,1102
186,11,yXpS1gr,y_{X/S1gr},-,-,editfield,3,1103
187,11,yP1pS1,y_{P/S1},-,-,editfield,4,1104
188,11,qS1pXm,q_{S1/Xm},1/h,h^{-1},editfield,5,1105
189,11,kS1,k_{S1},g/l,gl^{-1},editfield,6,1106
190,11,kI21,k_{I21},g/l,gl^{-1},editfield,7,1107
191,11,my2opt,μ_{2opt},1/h,h^{-1},editfield,8,1108
192,11,yXpS2,y_{X/S2},-,-,editfield,9,1109
193,11,yXpS2gr,y_{X/S2gr},-,-,editfield,10,1110
194,11,yP1pS2,y_{P/S2},-,-,editfield,11,1111
195,11,qS2pXm,q_{S2pXm},1/h,h^{-1},editfield,12,1112
196,11,kS2,k_{S2},g/l,gl^{-1},editfield,13,1113
197,11,my3opt,μ_{3opt},1/h,h^{-1},editfield,14,1114
198,11,yXpS3,y_{X/S3},-,-,editfield,15,1115
199,11,yXpS3gr,y_{X/S3gr},-,-,editfield,16,1116
200,11,yP1pS3,y_{P/S3},-,-,editfield,17,1117
201,11,qS3pXm,q_{S3pXm},1/h,h^{-1},editfield,18,1118
202,11,kS3,k_{S3},g/l,gl^{-1},editfield,19,1119
203,11,kI31,k_{I31},g/l,gl^{-1},editfield,20,1120
204,11,kI32,k_{I32},g/l,gl^{-1},editfield,21,1121
205,11,yXpO,y_{X/O},-,-,editfield,22,1122
206,11,yXpOgr,y_{X/Ogr},-,-,editfield,23,1123
207,11,yCpO,y_{C/O},-,-,editfield,24,1124
208,11,qOpXm,q_{O/Xm},1/h,h^{-1},editfield,25,1125
209,11,deltaCpO,\delta_{C/O},-,-,editfield,26,1126
210,11,kO,k_{O},g/l,gl^{-1},editfield,27,1127
211,11,kIP1O,k_{IP1O},g/l,gl^{-1},editfield,28,1128
212,11,MP1,M_{P1},g/mol,gmol^{-1},editfield,29,1129
213,11,yAcpXgr,y_{Ac/Xgr},-,-,editfield,30,1130
214,11,yAlpXgr,y_{Al/Xgr},-,-,editfield,31,1131
215,12,thetaDJ_WP,\vartheta_{DJ_WP},°C,°C,editfield,1,1201
216,12,thetaLoptgr,\vartheta_{Loptgr},°C,°C,editfield,2,1202
217,12,thetaLmingr,\vartheta_{Lmingr},°C,°C,editfield,3,1203
218,12,thetaLmaxgr,\vartheta_{Lmaxgr},°C,°C,editfield,4,1204
219,13,AAFtast,A_{AFtast},1/h,h^{-1},editfield,8,1308
220,13,KAF,K_{AF},(g*h)/l,ghl^{-1},editfield,9,1309
221,13,KFpX,K_{F/X},l/g,lg^{-1},editfield,10,1310
222,13,qhpX,q_{h/X},l/(g*h),lg^{-1}h^{-1},editfield,11,1311
223,13,tauF0,\tau_{F0},h,h^{-1},editfield,12,1312
224,13,Ttast,T_{tast},h,h^{-1},editfield,13,1313
225,13,VAF,V_{AF},-,-,editfield,14,1314
226,14,pHLoptgr,pH_{Loptgr},-,-,editfield,5,1405
227,14,pHLmingr,pH_{Lmingr},-,-,editfield,6,1406
228,14,pHLmaxgr,pH_{Lmaxgr},-,-,editfield,7,1407
229,15,deltatsec,\Deltat_{sec},s,s,editfield,1,1501
230,15,speedfactor,Factor_{speed},,,editfield,2,1502
231,15,tmax,t_{max},h,h,editfield,3,1503
232,15,f_Inoc,f_{Inoculation},,,switch,4,1504
233,16,aP1script,a_{P1script},1/h,h^{-1},editfield,1,1601
234,16,aP1trans,a_{P1trans},1/h,h^{-1},editfield,2,1602
235,16,aS2act,a_{S2act},1/h,h^{-1},editfield,3,1603
236,16,aS2script,a_{S2script},1/h,h^{-1},editfield,4,1604
237,16,aS2trans,a_{S2trans},1/h,h^{-1},editfield,5,1605
238,16,kappaind,\kappa_{ind},-,-,editfield,6,1606
239,16,kapparep,\kappa_{rep},-,-,editfield,7,1607
240,16,KCP1script,K_{CP1script},-,-,editfield,8,1608
241,16,kI22,k_{I22},g/l,gl^{-1},editfield,9,1609
242,16,kP1alpha,k_{P1\alpha},1/h,h^{-1},editfield,10,1610
243,16,kS1rep,k_{S1rep},g/l,gl^{-1},editfield,11,1611
244,16,kS2ind,k_{S2ind},g/l,gl^{-1},editfield,12,1612
245,16,qP1pXmax,q_{P1/Xmax},g/gh,gg^{-1}h^{-1},editfield,13,1613
246,16,qP1pXsup,q_{P1/Xsup},g/gh,gg^{-1}h^{-1},editfield,14,1614
247,16,qS2pXsup,q_{S2/Xsup},1/h,h^{-1},editfield,15,1615
248,16,TIP1script,T_{IP1script},h,h,editfield,16,1616
249,17,kLamax,k_La_{max},1/h,h^{-1},editfield,1,1701
250,17,kLamin,k_La_{min},1/h,h^{-1},editfield,2,1702
251,17,VLmax,V_{Lmax},l,l,editfield,3,1703
252,17,VLmin,V_{Lmin},l,l,editfield,4,1704
253,18,VT10,V_{T10},l,l,editfield,1,1801
254,18,VT20,V_{T20},l,l,editfield,2,1802
255,18,FFmax,F_{Fmax},l/h,lh^{-1},editfield,3,1803
256,18,FHmax,F_{Hmax},l/h,lh^{-1},editfield,4,1804
257,18,FnAIRmax,F_{AIRmax},l/min,lmin^{-1},editfield,5,1805
258,18,FnCO2max,F_{CO2max},l/min,lmin^{-1},editfield,6,1806
259,18,FnGmax,F_{Gmax},l/min,lmin^{-1},editfield,7,1807
260,18,FnN2max,F_{N2max},l/min,lmin^{-1},editfield,8,1808
261,18,FnO2max,F_{O2max},l/min,lmin^{-1},editfield,9,1809
262,18,FT1max,F_{T1max},1/h,h^{-1},editfield,10,1810
263,18,FT2max,F_{T2max},1/h,h^{-1},editfield,11,1811
264,18,NStmax,N_{Stmax},1/min,min^{-1},editfield,12,1812
265,18,TMpH,TM_{pH},h,h,editfield,13,1813
266,18,TMpO2,TM_{pO2},h,h,editfield,14,1814
267,18,TMxCO2,TM_{xCO2},h,h,editfield,15,1815
268,18,TMxO2,TM_{xO2},h,h,editfield,16,1816
269,19,ACT,A_{CT},m^2,m^{2},editfield,1,1901
270,19,ADL,A_{DL},m^2,m^{2},editfield,2,1902
271,19,ADU,A_{DU},m^2,m^{2},editfield,3,1903
272,19,AHTh,A_{HTh},m^2,m^{2},editfield,4,1904
273,19,alphaC,\alpha_{C},W/(m^2K),Wm^{-2}K^{-1},editfield,5,1905
274,19,alphaD,\alpha_{D},W/(m^2K),Wm^{-2}K^{-1},editfield,6,1906
275,19,alphaH,\alpha_{H},W/(m^2*K),Wm^{-2}K^{-1},editfield,7,1907
276,19,alphaL,\alpha_{L},W/(m^2K),Wm^{-2}K^{-1},editfield,8,1908
277,19,alphaT,\alpha_{T},W/(m^2K),Wm^{-2}K^{-1},editfield,9,1909
278,19,alphaTh,\alpha_{Th},W/(m^2*K),Wm^{-2}K^{-1},editfield,10,1910
279,19,alphaU,\alpha_{U},W/(m^2 K),Wm^{-2}K^{-1},editfield,11,1911
280,19,ALU,A_{LU},m^2,m^{2},editfield,12,1912
281,19,cW,c_{W},Wh/(kgK),Whkg^{-1}K^{-1},editfield,13,1913
282,19,deltaCT,\Delta_{CT},m,m,editfield,14,1914
283,19,deltaDL,\Delta_{DL},m,m,editfield,15,1915
284,19,deltaDU,\Delta_{DU},m,m,editfield,16,1916
285,19,deltaHTh,\delta_{HTh},m,m,editfield,17,1917
286,19,deltaLU,\Delta_{LU},m,m,editfield,18,1918
287,19,KHM,K_{HM},Wh/g,Whg^{-1},editfield,19,1919
288,19,KHSt,K_{KHSt},Wmin^3/l,Wmin^3l^{-1},editfield,20,1920
289,19,lambdaCT,\lambda_{CT},W/(mK),Wm^{-1}K^{-1},editfield,21,1921
290,19,lambdaDL,\lambda_{DL},W/(mK),Wm^{-1}K^{-1},editfield,22,1922
291,19,lambdaDU,\lambda_{DU},W/(mK),Wm^{-1}K^{-1},editfield,23,1923
292,19,lambdaHTh,\lambda_{HTh},W/(m*K),Wm^{-1}K^{-1},editfield,24,1924
293,19,lambdaLU,\lambda_{LU},W/(m^2K),Wm^{-1}K^{-1},editfield,25,1925
294,19,mC,m_{C},kg,kg,editfield,26,1926
295,19,mD,m_{D},kg,kg,editfield,27,1927
296,19,mdotCmax,\dot{m}_{Cmax},kg/h,kgh^{-1},editfield,28,1928
297,19,mdotHmax,\dot m_{Hmax},kg/h,kgh^{-1},editfield,29,1929
298,19,mTc,m_{Tc},kg,kg,editfield,30,1930
299,19,mWD,m_{WD},kg,kg,editfield,31,1931
300,19,mWL,m_{WL},kg,kg,editfield,32,1932
301,19,PHmax,P_{Hmax},W,W,editfield,33,1933
302,19,rhoH,\rho_{H},kg/m^3,kgm^{-3},editfield,34,1934
303,19,rhoH2O,\rho_{O},kg/m^3,kgm^{-3},editfield,35,1935
304,19,rhoL,\rho_{L},kg/l,kgl^{-1},editfield,36,1936
305,19,thetaCin,\vartheta_{Cin},°C,°C,editfield,37,1937
306,19,thetaHin,\vartheta_{Hin},°C,°C,editfield,38,1938
307,19,thetaU,\vartheta_{U},°C,°C,editfield,39,1939
308,19,VH,V_{H},m^3,m^{-3},editfield,40,1940
309,16,kS2tox,k_{S2tox},g/l,gl^{-1},editfield,17,1617
310,16,kappatox,\kappa_{tox},-,-,editfield,18,1618
311,16,qXpXtox,q_{X/Xtox},1/h,1/h,editfield,19,1619
312,5,t1j,t_{1j},h,h,uneditable,11,511
313,5,t2j,t_{2j},h,h,uneditable,12,512
314,5,t3j,t_{3j},h,h,uneditable,13,513
315,5,cXL1j,c_{XL1j},g/l,gl^{-1},uneditable,14,514
316,5,cXL2j,c_{XL2j},g/l,gl^{-1},uneditable,15,515
317,5,cXL3j,c_{XL3j},g/l,gl^{-1},uneditable,16,516
318,5,FR1j,F_{R1j},l/h,lh^{-1},uneditable,17,517
319,5,FR2j,F_{R2j},l/h,lh^{-1},uneditable,18,518
320,5,FR3j,F_{R3j},l/h,lh^{-1},uneditable,19,519
